{
  "f0_Hz": 100000000.0,
  "time_steps_per_quadrant": 900,
  "n_quadrants": 4,
  "quadrant_gaps": [
    [
      130,
      14,
      140
    ],
    [
      245,
      130,
      140
    ],
    [
      130,
      245,
      140
    ],
    [
      14,
      130,
      140
    ]
  ],
  "geometry": {
    "ring_offset": 14,
    "z_plane": 140
  },
  "baseline": {
    "alphas": [
      1.0,
      1.0,
      1.0,
      1.0
    ],
    "thetas_rad": [
      0.0,
      0.0,
      0.0,
      0.0
    ],
    "J": 0.7632104761084754
  },
  "optimized": {
    "alphas": [
      1.0,
      0.4121640292080966,
      3.0,
      0.7841486150568182
    ],
    "thetas_rad": [
      0.0,
      2.537067249150392,
      -0.5761851435005787,
      -2.335897879457388
    ],
    "J": 1.7937733343183755
  },
  "total_evaluations": 388224,
  "total_time_s": 72459.47312441701
}